"STATO(S)/TERRITORIO(T)";"CODICE CONTINENTE";"DENOMINAZIONE CONTINENTE (IT)";"CODICE AREA";"DENOMINAZIONE AREA (IT)";"CODICE ISTAT";"DENOMINAZIONE IT";"DENOMINAZIONE EN";"CODICE MIN";"CODICE AT";"CODICE UNSD_M49";"CODICE ISO 3166 ALPHA2";"CODICE ISO 3166 ALPHA3";"CODICE ISTAT_STATO PADRE";"CODICE ISO ALPHA3_STATO PADRE"
"S";1;"EUROPA";11;"UNIONE EUROPEA";"100";"ITALIA";"ITALY";"100";"N.D.";"380";"IT";"ITA";;
"S";1;"EUROPA";12;"EUROPA CENTRO ORIENTALE";"201";"ALBANIA";"ALBANIA";"201";"Z100";"008";"AL";"ALB";;
"S";1;"EUROPA";13;"ALTRI PAESI EUROPEI";"202";"ANDORRA";"ANDORRA";"202";"Z101";"020";"AD";"AND";;
"S";1;"EUROPA";11;"UNIONE EUROPEA";"203";"AUSTRIA";"AUSTRIA";"203";"Z102";"040";"AT";"AUT";;
"S";1;"EUROPA";11;"UNIONE EUROPEA";"206";"BELGIO";"BELGIUM";"206";"Z103";"056";"BE";"BEL";;
"S";1;"EUROPA";11;"UNIONE EUROPEA";"209";"BULGARIA";"BULGARIA";"209";"Z104";"100";"BG";"BGR";;
"S";1;"EUROPA";11;"UNIONE EUROPEA";"212";"DANIMARCA";"DENMARK";"212";"Z107";"208";"DK";"DNK";;
"S";1;"EUROPA";11;"UNIONE EUROPEA";"214";"FINLANDIA";"FINLAND";"214";"Z109";"246";"FI";"FIN";;
"S";1;"EUROPA";11;"UNIONE EUROPEA";"215";"FRANCIA";"FRANCE";"215";"Z110";"250";"FR";"FRA";;
"S";1;"EUROPA";11;"UNIONE EUROPEA";"216";"GERMANIA";"GERMANY";"216";"Z112";"276";"DE";"DEU";;
"S";1;"EUROPA";13;"ALTRI PAESI EUROPEI";"219";"REGNO UNITO";"UNITED KINGDOM";"219";"Z114";"826";"UK";"GBR";;
"S";1;"EUROPA";11;"UNIONE EUROPEA";"220";"GRECIA";"GREECE";"220";"Z115";"300";"GR";"GRC";;
"S";1;"EUROPA";11;"UNIONE EUROPEA";"221";"IRLANDA";"IRELAND";"221";"Z116";"372";"IE";"IRL";;
"S";1;"EUROPA";13;"ALTRI PAESI EUROPEI";"223";"ISLANDA";"ICELAND";"223";"Z117";"352";"IS";"ISL";;
"S";1;"EUROPA";13;"ALTRI PAESI EUROPEI";"225";"LIECHTENSTEIN";"LIECHTENSTEIN";"225";"Z119";"438";"LI";"LIE";;
"S";1;"EUROPA";11;"UNIONE EUROPEA";"226";"LUSSEMBURGO";"LUXEMBOURG";"226";"Z120";"442";"LU";"LUX";;
"S";1;"EUROPA";11;"UNIONE EUROPEA";"227";"MALTA";"MALTA";"227";"Z121";"470";"MT";"MLT";;
"S";1;"EUROPA";13;"ALTRI PAESI EUROPEI";"229";"MONACO";"MONACO";"229";"Z123";"492";"MC";"MCO";;
"S";1;"EUROPA";13;"ALTRI PAESI EUROPEI";"231";"NORVEGIA";"NORWAY";"231";"Z125";"578";"NO";"NOR";;
"S";1;"EUROPA";11;"UNIONE EUROPEA";"232";"PAESI BASSI";"NETHERLANDS";"232";"Z126";"528";"NL";"NLD";;
"S";1;"EUROPA";11;"UNIONE EUROPEA";"233";"POLONIA";"POLAND";"233";"Z127";"616";"PL";"POL";;
"S";1;"EUROPA";11;"UNIONE EUROPEA";"234";"PORTOGALLO";"PORTUGAL";"234";"Z128";"620";"PT";"PRT";;
"S";1;"EUROPA";11;"UNIONE EUROPEA";"235";"ROMANIA";"ROMANIA";"235";"Z129";"642";"RO";"ROU";;
"S";1;"EUROPA";13;"ALTRI PAESI EUROPEI";"236";"SAN MARINO";"SAN MARINO";"236";"Z130";"674";"SM";"SMR";;
"S";1;"EUROPA";11;"UNIONE EUROPEA";"239";"SPAGNA";"SPAIN";"239";"Z131";"724";"ES";"ESP";;
"S";1;"EUROPA";11;"UNIONE EUROPEA";"240";"SVEZIA";"SWEDEN";"240";"Z132";"752";"SE";"SWE";;
"S";1;"EUROPA";13;"ALTRI PAESI EUROPEI";"241";"SVIZZERA";"SWITZERLAND";"241";"Z133";"756";"CH";"CHE";;
"S";1;"EUROPA";12;"EUROPA CENTRO ORIENTALE";"243";"UCRAINA";"UKRAINE";"243";"Z138";"804";"UA";"UKR";;
"S";1;"EUROPA";11;"UNIONE EUROPEA";"244";"UNGHERIA";"HUNGARY";"244";"Z134";"348";"HU";"HUN";;
"S";1;"EUROPA";12;"EUROPA CENTRO ORIENTALE";"245";"FEDERAZIONE RUSSA";"RUSSIAN FEDERATION";"245";"Z154";"643";"RU";"RUS";;
"S";1;"EUROPA";13;"ALTRI PAESI EUROPEI";"246";"STATO DELLA CITTÀ DEL VATICANO";"VATICAN CITY STATE";"246";"Z106";"336";"VA";"VAT";;
"S";1;"EUROPA";11;"UNIONE EUROPEA";"247";"ESTONIA";"ESTONIA";"247";"Z144";"233";"EE";"EST";;
"S";1;"EUROPA";11;"UNIONE EUROPEA";"248";"LETTONIA";"LATVIA";"248";"Z145";"428";"LV";"LVA";;
"S";1;"EUROPA";11;"UNIONE EUROPEA";"249";"LITUANIA";"LITHUANIA";"249";"Z146";"440";"LT";"LTU";;
"S";1;"EUROPA";11;"UNIONE EUROPEA";"250";"CROAZIA";"CROATIA";"250";"Z149";"191";"HR";"HRV";;
"S";1;"EUROPA";11;"UNIONE EUROPEA";"251";"SLOVENIA";"SLOVENIA";"251";"Z150";"705";"SI";"SVN";;
"S";1;"EUROPA";12;"EUROPA CENTRO ORIENTALE";"252";"BOSNIA-ERZEGOVINA";"BOSNIA AND HERZEGOVINA";"252";"Z153";"070";"BA";"BIH";;
"S";1;"EUROPA";12;"EUROPA CENTRO ORIENTALE";"253";"MACEDONIA DEL NORD";"NORTH MACEDONIA";"253";"Z148";"807";"MK";"MKD";;
"S";1;"EUROPA";12;"EUROPA CENTRO ORIENTALE";"254";"MOLDOVA";"MOLDOVA";"254";"Z140";"498";"MD";"MDA";;
"S";1;"EUROPA";11;"UNIONE EUROPEA";"255";"SLOVACCHIA";"SLOVAKIA";"255";"Z155";"703";"SK";"SVK";;
"S";1;"EUROPA";12;"EUROPA CENTRO ORIENTALE";"256";"BIELORUSSIA";"BELARUS";"256";"Z139";"112";"BY";"BLR";;
"S";1;"EUROPA";11;"UNIONE EUROPEA";"257";"REPUBBLICA CECA";"CZECH REPUBLIC";"257";"Z156";"203";"CZ";"CZE";;
"S";1;"EUROPA";12;"EUROPA CENTRO ORIENTALE";"270";"MONTENEGRO";"MONTENEGRO";"270";"Z159";"499";"ME";"MNE";;
"S";1;"EUROPA";12;"EUROPA CENTRO ORIENTALE";"271";"SERBIA";"SERBIA";"271";"Z158";"688";"RS";"SRB";;
"S";1;"EUROPA";12;"EUROPA CENTRO ORIENTALE";"272";"KOSOVO";"KOSOVO";"272";"Z160";"N.D.";"N.D.";"KOS";;
"S";3;"ASIA";32;"ASIA CENTRO MERIDIONALE";"301";"AFGHANISTAN";"AFGHANISTAN";"301";"Z200";"004";"AF";"AFG";;
"S";3;"ASIA";31;"ASIA OCCIDENTALE";"302";"ARABIA SAUDITA";"SAUDI ARABIA";"302";"Z203";"682";"SA";"SAU";;
"S";3;"ASIA";31;"ASIA OCCIDENTALE";"304";"BAHREIN";"BAHRAIN";"304";"Z204";"048";"BH";"BHR";;
"S";3;"ASIA";32;"ASIA CENTRO MERIDIONALE";"305";"BANGLADESH";"BANGLADESH";"305";"Z249";"050";"BD";"BGD";;
"S";3;"ASIA";32;"ASIA CENTRO MERIDIONALE";"306";"BHUTAN";"BHUTAN";"306";"Z205";"064";"BT";"BTN";;
"S";3;"ASIA";33;"ASIA ORIENTALE";"307";"MYANMAR/BIRMANIA";"MYANMAR/BURMA";"307";"Z206";"104";"MM";"MMR";;
"S";3;"ASIA";33;"ASIA ORIENTALE";"309";"BRUNEI DARUSSALAM";"BRUNEI DARUSSALAM";"309";"Z207";"096";"BN";"BRN";;
"S";3;"ASIA";33;"ASIA ORIENTALE";"310";"CAMBOGIA";"CAMBODIA";"310";"Z208";"116";"KH";"KHM";;
"S";3;"ASIA";32;"ASIA CENTRO MERIDIONALE";"311";"SRI LANKA";"SRI LANKA";"311";"Z209";"144";"LK";"LKA";;
"S";3;"ASIA";33;"ASIA ORIENTALE";"314";"CINA";"CHINA";"314";"Z210";"156";"CN";"CHN";;
"S";1;"EUROPA";11;"UNIONE EUROPEA";"315";"CIPRO";"CYPRUS";"315";"Z211";"196";"CY";"CYP";;
"S";3;"ASIA";33;"ASIA ORIENTALE";"319";"COREA DEL NORD";"NORTH KOREA";"319";"Z214";"408";"KP";"PRK";;
"S";3;"ASIA";33;"ASIA ORIENTALE";"320";"COREA DEL SUD";"SOUTH KOREA";"320";"Z213";"410";"KR";"KOR";;
"S";3;"ASIA";31;"ASIA OCCIDENTALE";"322";"EMIRATI ARABI UNITI";"UNITED ARAB EMIRATES";"322";"Z215";"784";"AE";"ARE";;
"S";3;"ASIA";33;"ASIA ORIENTALE";"323";"FILIPPINE";"PHILIPPINES";"323";"Z216";"608";"PH";"PHL";;
"S";3;"ASIA";31;"ASIA OCCIDENTALE";"324";"PALESTINA";"PALESTINE";"324";"Z161";"275";"PS";"PSE";;
"S";3;"ASIA";33;"ASIA ORIENTALE";"326";"GIAPPONE";"JAPAN";"326";"Z219";"392";"JP";"JPN";;
"S";3;"ASIA";31;"ASIA OCCIDENTALE";"327";"GIORDANIA";"JORDAN";"327";"Z220";"400";"JO";"JOR";;
"S";3;"ASIA";32;"ASIA CENTRO MERIDIONALE";"330";"INDIA";"INDIA";"330";"Z222";"356";"IN";"IND";;
"S";3;"ASIA";33;"ASIA ORIENTALE";"331";"INDONESIA";"INDONESIA";"331";"Z223";"360";"ID";"IDN";;
"S";3;"ASIA";31;"ASIA OCCIDENTALE";"332";"IRAN";"IRAN";"332";"Z224";"364";"IR";"IRN";;
"S";3;"ASIA";31;"ASIA OCCIDENTALE";"333";"IRAQ";"IRAQ";"333";"Z225";"368";"IQ";"IRQ";;
"S";3;"ASIA";31;"ASIA OCCIDENTALE";"334";"ISRAELE";"ISRAEL";"334";"Z226";"376";"IL";"ISR";;
"S";3;"ASIA";31;"ASIA OCCIDENTALE";"335";"KUWAIT";"KUWAIT";"335";"Z227";"414";"KW";"KWT";;
"S";3;"ASIA";33;"ASIA ORIENTALE";"336";"LAOS";"LAOS";"336";"Z228";"418";"LA";"LAO";;
"S";3;"ASIA";31;"ASIA OCCIDENTALE";"337";"LIBANO";"LEBANON";"337";"Z229";"422";"LB";"LBN";;
"S";3;"ASIA";33;"ASIA ORIENTALE";"338";"TIMOR LESTE";"TIMOR LESTE";"338";"Z242";"626";"TL";"TLS";;
"S";3;"ASIA";32;"ASIA CENTRO MERIDIONALE";"339";"MALDIVE";"MALDIVES";"339";"Z232";"462";"MV";"MDV";;
"S";3;"ASIA";33;"ASIA ORIENTALE";"340";"MALAYSIA";"MALAYSIA";"340";"Z247";"458";"MY";"MYS";;
"S";3;"ASIA";33;"ASIA ORIENTALE";"341";"MONGOLIA";"MONGOLIA";"341";"Z233";"496";"MN";"MNG";;
"S";3;"ASIA";32;"ASIA CENTRO MERIDIONALE";"342";"NEPAL";"NEPAL";"342";"Z234";"524";"NP";"NPL";;
"S";3;"ASIA";31;"ASIA OCCIDENTALE";"343";"OMAN";"OMAN";"343";"Z235";"512";"OM";"OMN";;
"S";3;"ASIA";32;"ASIA CENTRO MERIDIONALE";"344";"PAKISTAN";"PAKISTAN";"344";"Z236";"586";"PK";"PAK";;
"S";3;"ASIA";31;"ASIA OCCIDENTALE";"345";"QATAR";"QATAR";"345";"Z237";"634";"QA";"QAT";;
"S";3;"ASIA";33;"ASIA ORIENTALE";"346";"SINGAPORE";"SINGAPORE";"346";"Z248";"702";"SG";"SGP";;
"S";3;"ASIA";31;"ASIA OCCIDENTALE";"348";"SIRIA";"SYRIA";"348";"Z240";"760";"SY";"SYR";;
"S";3;"ASIA";33;"ASIA ORIENTALE";"349";"THAILANDIA";"THAILAND";"349";"Z241";"764";"TH";"THA";;
"S";1;"EUROPA";12;"EUROPA CENTRO ORIENTALE";"351";"TURCHIA";"TURKEY";"351";"Z243";"792";"TR";"TUR";;
"S";3;"ASIA";33;"ASIA ORIENTALE";"353";"VIETNAM";"VIETNAM";"353";"Z251";"704";"VN";"VNM";;
"S";3;"ASIA";31;"ASIA OCCIDENTALE";"354";"YEMEN";"YEMEN";"354";"Z246";"887";"YE";"YEM";;
"S";3;"ASIA";32;"ASIA CENTRO MERIDIONALE";"356";"KAZAKHSTAN";"KAZAKHSTAN";"356";"Z255";"398";"KZ";"KAZ";;
"S";3;"ASIA";32;"ASIA CENTRO MERIDIONALE";"357";"UZBEKISTAN";"UZBEKISTAN";"357";"Z259";"860";"UZ";"UZB";;
"S";3;"ASIA";31;"ASIA OCCIDENTALE";"358";"ARMENIA";"ARMENIA";"358";"Z252";"051";"AM";"ARM";;
"S";3;"ASIA";31;"ASIA OCCIDENTALE";"359";"AZERBAIGIAN";"AZERBAIJAN";"359";"Z253";"031";"AZ";"AZE";;
"S";3;"ASIA";31;"ASIA OCCIDENTALE";"360";"GEORGIA";"GEORGIA";"360";"Z254";"268";"GE";"GEO";;
"S";3;"ASIA";32;"ASIA CENTRO MERIDIONALE";"361";"KIRGHIZISTAN";"KYRGYZSTAN";"361";"Z256";"417";"KG";"KGZ";;
"S";3;"ASIA";32;"ASIA CENTRO MERIDIONALE";"362";"TAGIKISTAN";"TAJIKISTAN";"362";"Z257";"762";"TJ";"TJK";;
"S";3;"ASIA";33;"ASIA ORIENTALE";"363";"TAIWAN";"TAIWAN";"363";"Z217";"N.D.";"TW";"TWN";;
"S";3;"ASIA";32;"ASIA CENTRO MERIDIONALE";"364";"TURKMENISTAN";"TURKMENISTAN";"364";"Z258";"795";"TM";"TKM";;
"S";2;"AFRICA";21;"AFRICA SETTENTRIONALE";"401";"ALGERIA";"ALGERIA";"401";"Z301";"012";"DZ";"DZA";;
"S";2;"AFRICA";24;"AFRICA CENTRO MERIDIONALE";"402";"ANGOLA";"ANGOLA";"402";"Z302";"024";"AO";"AGO";;
"S";2;"AFRICA";22;"AFRICA OCCIDENTALE";"404";"COSTA D'AVORIO";"CÔTE D'IVOIRE";"404";"Z313";"384";"CI";"CIV";;
"S";2;"AFRICA";22;"AFRICA OCCIDENTALE";"406";"BENIN";"BENIN";"406";"Z314";"204";"BJ";"BEN";;
"S";2;"AFRICA";24;"AFRICA CENTRO MERIDIONALE";"408";"BOTSWANA";"BOTSWANA";"408";"Z358";"072";"BW";"BWA";;
"S";2;"AFRICA";22;"AFRICA OCCIDENTALE";"409";"BURKINA FASO";"BURKINA FASO";"409";"Z354";"854";"BF";"BFA";;
"S";2;"AFRICA";23;"AFRICA ORIENTALE";"410";"BURUNDI";"BURUNDI";"410";"Z305";"108";"BI";"BDI";;
"S";2;"AFRICA";24;"AFRICA CENTRO MERIDIONALE";"411";"CAMERUN";"CAMEROON";"411";"Z306";"120";"CM";"CMR";;
"S";2;"AFRICA";22;"AFRICA OCCIDENTALE";"413";"CAPO VERDE";"CAPE VERDE";"413";"Z307";"132";"CV";"CPV";;
"S";2;"AFRICA";24;"AFRICA CENTRO MERIDIONALE";"414";"REPUBBLICA CENTRAFRICANA";"CENTRAL AFRICAN REPUBLIC";"414";"Z308";"140";"CF";"CAF";;
"S";2;"AFRICA";24;"AFRICA CENTRO MERIDIONALE";"415";"CIAD";"CHAD";"415";"Z309";"148";"TD";"TCD";;
"S";2;"AFRICA";23;"AFRICA ORIENTALE";"417";"COMORE";"COMOROS";"417";"Z310";"174";"KM";"COM";;
"S";2;"AFRICA";24;"AFRICA CENTRO MERIDIONALE";"418";"CONGO";"CONGO";"418";"Z311";"178";"CG";"COG";;
"S";2;"AFRICA";21;"AFRICA SETTENTRIONALE";"419";"EGITTO";"EGYPT";"419";"Z336";"818";"EG";"EGY";;
"S";2;"AFRICA";23;"AFRICA ORIENTALE";"420";"ETIOPIA";"ETHIOPIA";"420";"Z315";"231";"ET";"ETH";;
"S";2;"AFRICA";24;"AFRICA CENTRO MERIDIONALE";"421";"GABON";"GABON";"421";"Z316";"266";"GA";"GAB";;
"S";2;"AFRICA";22;"AFRICA OCCIDENTALE";"422";"GAMBIA";"GAMBIA";"422";"Z317";"270";"GM";"GMB";;
"S";2;"AFRICA";22;"AFRICA OCCIDENTALE";"423";"GHANA";"GHANA";"423";"Z318";"288";"GH";"GHA";;
"S";2;"AFRICA";23;"AFRICA ORIENTALE";"424";"GIBUTI";"DJIBOUTI";"424";"Z361";"262";"DJ";"DJI";;
"S";2;"AFRICA";22;"AFRICA OCCIDENTALE";"425";"GUINEA";"GUINEA";"425";"Z319";"324";"GN";"GIN";;
"S";2;"AFRICA";22;"AFRICA OCCIDENTALE";"426";"GUINEA-BISSAU";"GUINEA-BISSAU";"426";"Z320";"624";"GW";"GNB";;
"S";2;"AFRICA";24;"AFRICA CENTRO MERIDIONALE";"427";"GUINEA EQUATORIALE";"EQUATORIAL GUINEA";"427";"Z321";"226";"GQ";"GNQ";;
"S";2;"AFRICA";23;"AFRICA ORIENTALE";"428";"KENYA";"KENYA";"428";"Z322";"404";"KE";"KEN";;
"S";2;"AFRICA";24;"AFRICA CENTRO MERIDIONALE";"429";"LESOTHO";"LESOTHO";"429";"Z359";"426";"LS";"LSO";;
"S";2;"AFRICA";22;"AFRICA OCCIDENTALE";"430";"LIBERIA";"LIBERIA";"430";"Z325";"430";"LR";"LBR";;
"S";2;"AFRICA";21;"AFRICA SETTENTRIONALE";"431";"LIBIA";"LIBYA";"431";"Z326";"434";"LY";"LBY";;
"S";2;"AFRICA";23;"AFRICA ORIENTALE";"432";"MADAGASCAR";"MADAGASCAR";"432";"Z327";"450";"MG";"MDG";;
"S";2;"AFRICA";23;"AFRICA ORIENTALE";"434";"MALAWI";"MALAWI";"434";"Z328";"454";"MW";"MWI";;
"S";2;"AFRICA";22;"AFRICA OCCIDENTALE";"435";"MALI";"MALI";"435";"Z329";"466";"ML";"MLI";;
"S";2;"AFRICA";21;"AFRICA SETTENTRIONALE";"436";"MAROCCO";"MOROCCO";"436";"Z330";"504";"MA";"MAR";;
"S";2;"AFRICA";22;"AFRICA OCCIDENTALE";"437";"MAURITANIA";"MAURITANIA";"437";"Z331";"478";"MR";"MRT";;
"S";2;"AFRICA";23;"AFRICA ORIENTALE";"438";"MAURIZIO";"MAURITIUS";"438";"Z332";"480";"MU";"MUS";;
"S";2;"AFRICA";23;"AFRICA ORIENTALE";"440";"MOZAMBICO";"MOZAMBIQUE";"440";"Z333";"508";"MZ";"MOZ";;
"S";2;"AFRICA";24;"AFRICA CENTRO MERIDIONALE";"441";"NAMIBIA";"NAMIBIA";"441";"Z300";"516";"NA";"NAM";;
"S";2;"AFRICA";22;"AFRICA OCCIDENTALE";"442";"NIGER";"NIGER";"442";"Z334";"562";"NE";"NER";;
"S";2;"AFRICA";22;"AFRICA OCCIDENTALE";"443";"NIGERIA";"NIGERIA";"443";"Z335";"566";"NG";"NGA";;
"S";2;"AFRICA";23;"AFRICA ORIENTALE";"446";"RUANDA";"RWANDA";"446";"Z338";"646";"RW";"RWA";;
"S";2;"AFRICA";24;"AFRICA CENTRO MERIDIONALE";"448";"SAO TOMÉ E PRINCIPE";"SAO TOME AND PRINCIPE";"448";"Z341";"678";"ST";"STP";;
"S";2;"AFRICA";23;"AFRICA ORIENTALE";"449";"SEYCHELLES";"SEYCHELLES";"449";"Z342";"690";"SC";"SYC";;
"S";2;"AFRICA";22;"AFRICA OCCIDENTALE";"450";"SENEGAL";"SENEGAL";"450";"Z343";"686";"SN";"SEN";;
"S";2;"AFRICA";22;"AFRICA OCCIDENTALE";"451";"SIERRA LEONE";"SIERRA LEONE";"451";"Z344";"694";"SL";"SLE";;
"S";2;"AFRICA";23;"AFRICA ORIENTALE";"453";"SOMALIA";"SOMALIA";"453";"Z345";"706";"SO";"SOM";;
"S";2;"AFRICA";24;"AFRICA CENTRO MERIDIONALE";"454";"SUDAFRICA";"SOUTH AFRICA";"454";"Z347";"710";"ZA";"ZAF";;
"S";2;"AFRICA";21;"AFRICA SETTENTRIONALE";"455";"SUDAN";"SUDAN";"455";"Z348";"729";"SD";"SDN";;
"S";2;"AFRICA";24;"AFRICA CENTRO MERIDIONALE";"456";"ESWATINI";"ESWATINI";"456";"Z349";"748";"SZ";"SWZ";;
"S";2;"AFRICA";23;"AFRICA ORIENTALE";"457";"TANZANIA";"TANZANIA";"457";"Z357";"834";"TZ";"TZA";;
"S";2;"AFRICA";22;"AFRICA OCCIDENTALE";"458";"TOGO";"TOGO";"458";"Z351";"768";"TG";"TGO";;
"S";2;"AFRICA";21;"AFRICA SETTENTRIONALE";"460";"TUNISIA";"TUNISIA";"460";"Z352";"788";"TN";"TUN";;
"S";2;"AFRICA";23;"AFRICA ORIENTALE";"461";"UGANDA";"UGANDA";"461";"Z353";"800";"UG";"UGA";;
"S";2;"AFRICA";24;"AFRICA CENTRO MERIDIONALE";"463";"REPUBBLICA DEMOCRATICA DEL CONGO";"DEMOCRATIC REPUBLIC OF THE CONGO";"463";"Z312";"180";"CD";"COD";;
"S";2;"AFRICA";23;"AFRICA ORIENTALE";"464";"ZAMBIA";"ZAMBIA";"464";"Z355";"894";"ZM";"ZMB";;
"S";2;"AFRICA";23;"AFRICA ORIENTALE";"465";"ZIMBABWE";"ZIMBABWE";"465";"Z337";"716";"ZW";"ZWE";;
"S";2;"AFRICA";23;"AFRICA ORIENTALE";"466";"ERITREA";"ERITREA";"466";"Z368";"232";"ER";"ERI";;
"S";2;"AFRICA";21;"AFRICA SETTENTRIONALE";"467";"SUD SUDAN";"SOUTH SUDAN";"467";"Z907";"728";"SS";"SSD";;
"S";4;"AMERICA";42;"AMERICA CENTRO MERIDIONALE";"503";"ANTIGUA E BARBUDA";"ANTIGUA AND BARBUDA";"503";"Z532";"028";"AG";"ATG";;
"S";4;"AMERICA";42;"AMERICA CENTRO MERIDIONALE";"505";"BAHAMAS";"BAHAMAS";"505";"Z502";"044";"BS";"BHS";;
"S";4;"AMERICA";42;"AMERICA CENTRO MERIDIONALE";"506";"BARBADOS";"BARBADOS";"506";"Z522";"052";"BB";"BRB";;
"S";4;"AMERICA";42;"AMERICA CENTRO MERIDIONALE";"507";"BELIZE";"BELIZE";"507";"Z512";"084";"BZ";"BLZ";;
"S";4;"AMERICA";41;"AMERICA SETTENTRIONALE";"509";"CANADA";"CANADA";"509";"Z401";"124";"CA";"CAN";;
"S";4;"AMERICA";42;"AMERICA CENTRO MERIDIONALE";"513";"COSTA RICA";"COSTA RICA";"513";"Z503";"188";"CR";"CRI";;
"S";4;"AMERICA";42;"AMERICA CENTRO MERIDIONALE";"514";"CUBA";"CUBA";"514";"Z504";"192";"CU";"CUB";;
"S";4;"AMERICA";42;"AMERICA CENTRO MERIDIONALE";"515";"DOMINICA";"DOMINICA";"515";"Z526";"212";"DM";"DMA";;
"S";4;"AMERICA";42;"AMERICA CENTRO MERIDIONALE";"516";"REPUBBLICA DOMINICANA";"DOMINICAN REPUBLIC";"516";"Z505";"214";"DO";"DOM";;
"S";4;"AMERICA";42;"AMERICA CENTRO MERIDIONALE";"517";"EL SALVADOR";"EL SALVADOR";"517";"Z506";"222";"SV";"SLV";;
"S";4;"AMERICA";42;"AMERICA CENTRO MERIDIONALE";"518";"GIAMAICA";"JAMAICA";"518";"Z507";"388";"JM";"JAM";;
"S";4;"AMERICA";42;"AMERICA CENTRO MERIDIONALE";"519";"GRENADA";"GRENADA";"519";"Z524";"308";"GD";"GRD";;
"S";4;"AMERICA";42;"AMERICA CENTRO MERIDIONALE";"523";"GUATEMALA";"GUATEMALA";"523";"Z509";"320";"GT";"GTM";;
"S";4;"AMERICA";42;"AMERICA CENTRO MERIDIONALE";"524";"HAITI";"HAITI";"524";"Z510";"332";"HT";"HTI";;
"S";4;"AMERICA";42;"AMERICA CENTRO MERIDIONALE";"525";"HONDURAS";"HONDURAS";"525";"Z511";"340";"HN";"HND";;
"S";4;"AMERICA";42;"AMERICA CENTRO MERIDIONALE";"527";"MESSICO";"MEXICO";"527";"Z514";"484";"MX";"MEX";;
"S";4;"AMERICA";42;"AMERICA CENTRO MERIDIONALE";"529";"NICARAGUA";"NICARAGUA";"529";"Z515";"558";"NI";"NIC";;
"S";4;"AMERICA";42;"AMERICA CENTRO MERIDIONALE";"530";"PANAMA";"PANAMA";"530";"Z516";"591";"PA";"PAN";;
"S";4;"AMERICA";42;"AMERICA CENTRO MERIDIONALE";"532";"SANTA LUCIA";"SAINT LUCIA";"532";"Z527";"662";"LC";"LCA";;
"S";4;"AMERICA";42;"AMERICA CENTRO MERIDIONALE";"533";"SAINT VINCENT E GRENADINE";"SAINT VINCENT AND THE GRENADINES";"533";"Z528";"670";"VC";"VCT";;
"S";4;"AMERICA";42;"AMERICA CENTRO MERIDIONALE";"534";"SAINT KITTS E NEVIS";"SAINT KITTS AND NEVIS";"534";"Z533";"659";"KN";"KNA";;
"S";4;"AMERICA";41;"AMERICA SETTENTRIONALE";"536";"STATI UNITI D'AMERICA";"UNITED STATES OF AMERICA";"536";"Z404";"840";"US";"USA";;
"S";4;"AMERICA";42;"AMERICA CENTRO MERIDIONALE";"602";"ARGENTINA";"ARGENTINA";"602";"Z600";"032";"AR";"ARG";;
"S";4;"AMERICA";42;"AMERICA CENTRO MERIDIONALE";"604";"BOLIVIA";"BOLIVIA";"604";"Z601";"068";"BO";"BOL";;
"S";4;"AMERICA";42;"AMERICA CENTRO MERIDIONALE";"605";"BRASILE";"BRAZIL";"605";"Z602";"076";"BR";"BRA";;
"S";4;"AMERICA";42;"AMERICA CENTRO MERIDIONALE";"606";"CILE";"CHILE";"606";"Z603";"152";"CL";"CHL";;
"S";4;"AMERICA";42;"AMERICA CENTRO MERIDIONALE";"608";"COLOMBIA";"COLOMBIA";"608";"Z604";"170";"CO";"COL";;
"S";4;"AMERICA";42;"AMERICA CENTRO MERIDIONALE";"609";"ECUADOR";"ECUADOR";"609";"Z605";"218";"EC";"ECU";;
"S";4;"AMERICA";42;"AMERICA CENTRO MERIDIONALE";"612";"GUYANA";"GUYANA";"612";"Z606";"328";"GY";"GUY";;
"S";4;"AMERICA";42;"AMERICA CENTRO MERIDIONALE";"614";"PARAGUAY";"PARAGUAY";"614";"Z610";"600";"PY";"PRY";;
"S";4;"AMERICA";42;"AMERICA CENTRO MERIDIONALE";"615";"PERÙ";"PERU";"615";"Z611";"604";"PE";"PER";;
"S";4;"AMERICA";42;"AMERICA CENTRO MERIDIONALE";"616";"SURINAME";"SURINAME";"616";"Z608";"740";"SR";"SUR";;
"S";4;"AMERICA";42;"AMERICA CENTRO MERIDIONALE";"617";"TRINIDAD E TOBAGO";"TRINIDAD AND TOBAGO";"617";"Z612";"780";"TT";"TTO";;
"S";4;"AMERICA";42;"AMERICA CENTRO MERIDIONALE";"618";"URUGUAY";"URUGUAY";"618";"Z613";"858";"UY";"URY";;
"S";4;"AMERICA";42;"AMERICA CENTRO MERIDIONALE";"619";"VENEZUELA";"VENEZUELA";"619";"Z614";"862";"VE";"VEN";;
"S";5;"OCEANIA";50;"OCEANIA";"701";"AUSTRALIA";"AUSTRALIA";"701";"Z700";"036";"AU";"AUS";;
"S";5;"OCEANIA";50;"OCEANIA";"703";"FIGI";"FIJI";"703";"Z704";"242";"FJ";"FJI";;
"S";5;"OCEANIA";50;"OCEANIA";"708";"KIRIBATI";"KIRIBATI";"708";"Z731";"296";"KI";"KIR";;
"S";5;"OCEANIA";50;"OCEANIA";"712";"ISOLE MARSHALL";"MARSHALL ISLANDS";"712";"Z711";"584";"MH";"MHL";;
"S";5;"OCEANIA";50;"OCEANIA";"713";"STATI FEDERATI DI MICRONESIA";"FEDERATED STATES OF MICRONESIA";"713";"Z735";"583";"FM";"FSM";;
"S";5;"OCEANIA";50;"OCEANIA";"715";"NAURU";"NAURU";"715";"Z713";"520";"NR";"NRU";;
"S";5;"OCEANIA";50;"OCEANIA";"719";"NUOVA ZELANDA";"NEW ZEALAND";"719";"Z719";"554";"NZ";"NZL";;
"S";5;"OCEANIA";50;"OCEANIA";"720";"PALAU";"PALAU";"720";"Z734";"585";"PW";"PLW";;
"S";5;"OCEANIA";50;"OCEANIA";"721";"PAPUA NUOVA GUINEA";"PAPUA NEW GUINEA";"721";"Z730";"598";"PG";"PNG";;
"S";5;"OCEANIA";50;"OCEANIA";"725";"ISOLE SALOMONE";"SOLOMON ISLANDS";"725";"Z724";"090";"SB";"SLB";;
"S";5;"OCEANIA";50;"OCEANIA";"727";"SAMOA";"SAMOA";"727";"Z726";"882";"WS";"WSM";;
"S";5;"OCEANIA";50;"OCEANIA";"730";"TONGA";"TONGA";"730";"Z728";"776";"TO";"TON";;
"S";5;"OCEANIA";50;"OCEANIA";"731";"TUVALU";"TUVALU";"731";"Z732";"798";"TV";"TUV";;
"S";5;"OCEANIA";50;"OCEANIA";"732";"VANUATU";"VANUATU";"732";"Z733";"548";"VU";"VUT";;
"T";5;"OCEANIA";50;"OCEANIA";"902";"NUOVA CALEDONIA";"NEW CALEDONIA";"718";"Z716";"N.D.";"NC";"NCL";"215";"FRA"
"T";4;"AMERICA";42;"AMERICA CENTRO MERIDIONALE";"904";"SAINT-MARTIN (FR)";"SAINT MARTIN (FR)";"542";"N.D.";"N.D.";"MF";"MAF";"215";"FRA"
"T";2;"AFRICA";21;"AFRICA SETTENTRIONALE";"905";"SAHARA OCCIDENTALE";"WESTERN SAHARA";"N.D.";"Z339";"N.D.";"EH";"ESH";;
"T";4;"AMERICA";42;"AMERICA CENTRO MERIDIONALE";"906";"SAINT-BARTHÉLEMY";"SAINT BARTHELEMY";"541";"N.D.";"N.D.";"BL";"BLM";"215";"FRA"
"T";4;"AMERICA";41;"AMERICA SETTENTRIONALE";"908";"BERMUDA";"BERMUDA";"508";"Z400";"N.D.";"BM";"BMU";"219";"GBR"
"T";5;"OCEANIA";50;"OCEANIA";"909";"ISOLE COOK (NZ)";"COOK ISLANDS (NZ)";"702";"Z703";"N.D.";"CK";"COK";"719";"NZL"
"T";1;"EUROPA";13;"ALTRI PAESI EUROPEI";"910";"GIBILTERRA";"GIBRALTAR";"218";"Z113";"N.D.";"GI";"GIB";"219";"GBR"
"T";4;"AMERICA";42;"AMERICA CENTRO MERIDIONALE";"911";"ISOLE CAYMAN";"CAYMAN ISLANDS";"511";"Z530";"N.D.";"KY";"CYM";"219";"GBR"
"T";4;"AMERICA";42;"AMERICA CENTRO MERIDIONALE";"917";"ANGUILLA";"ANGUILLA";"502";"Z529";"N.D.";"AI";"AIA";"219";"GBR"
"T";5;"OCEANIA";50;"OCEANIA";"920";"POLINESIA FRANCESE";"FRENCH POLYNESIA";"724";"Z723";"N.D.";"PF";"PYF";"215";"FRA"
"T";1;"EUROPA";13;"ALTRI PAESI EUROPEI";"924";"ISOLE FÆR ØER";"FAROE ISLANDS";"213";"Z108";"N.D.";"FO";"FRO";"212";"DNK"
"T";1;"EUROPA";13;"ALTRI PAESI EUROPEI";"925";"JERSEY";"JERSEY";"273";"N.D.";"N.D.";"JE";"JEY";"219";"GBR"
"T";4;"AMERICA";42;"AMERICA CENTRO MERIDIONALE";"926";"ARUBA";"ARUBA";"603";"Z501";"N.D.";"AW";"ABW";"232";"NLD"
"T";4;"AMERICA";42;"AMERICA CENTRO MERIDIONALE";"928";"SINT MAARTEN (NL)";"ST MAARTEN (NL)";"621";"N.D.";"N.D.";"SX";"SXM";"232";"NLD"
"T";4;"AMERICA";41;"AMERICA SETTENTRIONALE";"934";"GROENLANDIA";"GREENLAND";"520";"Z402";"N.D.";"GL";"GRL";"212";"DNK"
"T";1;"EUROPA";13;"ALTRI PAESI EUROPEI";"939";"SARK";"SARK";"N.D.";"N.D.";"N.D.";"N.D.";"N.D.";"219";"GBR"
"T";1;"EUROPA";13;"ALTRI PAESI EUROPEI";"940";"GUERNSEY";"GUERNSEY";"274";"N.D.";"N.D.";"GG";"GGY";"219";"GBR"
"T";4;"AMERICA";42;"AMERICA CENTRO MERIDIONALE";"958";"ISOLE FALKLAND (MALVINE)";"FALKLAND ISLANDS (MALVINAS)";"610";"Z609";"N.D.";"FK";"FLK";"219";"GBR"
"T";1;"EUROPA";13;"ALTRI PAESI EUROPEI";"959";"ISOLA DI MAN";"ISLE OF MAN";"228";"Z122";"N.D.";"IM";"IMN";"219";"GBR"
"T";4;"AMERICA";42;"AMERICA CENTRO MERIDIONALE";"964";"MONTSERRAT";"MONTSERRAT";"528";"Z531";"N.D.";"MS";"MSR";"219";"GBR"
"T";4;"AMERICA";42;"AMERICA CENTRO MERIDIONALE";"966";"CURAÇAO";"CURAÇAO";"620";"N.D.";"N.D.";"CW";"CUW";"232";"NLD"
"T";5;"OCEANIA";50;"OCEANIA";"972";"ISOLE PITCAIRN";"PITCAIRN";"723";"Z722";"N.D.";"PN";"PCN";"219";"GBR"
"T";4;"AMERICA";41;"AMERICA SETTENTRIONALE";"980";"SAINT PIERRE E MIQUELON";"SAINT PIERRE AND MIQUELON";"535";"Z403";"N.D.";"PM";"SPM";"215";"FRA"
"T";2;"AFRICA";24;"AFRICA CENTRO MERIDIONALE";"983";"SANT'ELENA";"SAINT HELENA";"447";"Z340";"N.D.";"SH";"SHN";"219";"GBR"
"T";5;"OCEANIA";50;"OCEANIA";"988";"TERRE AUSTRALI E ANTARTICHE FRANCESI";"FRENCH SOUTHERN TERRITORIES";"806";"N.D.";"N.D.";"TF";"ATF";"215";"FRA"
"T";4;"AMERICA";42;"AMERICA CENTRO MERIDIONALE";"992";"ISOLE TURKS E CAICOS";"TURKS AND CAICOS ISLANDS";"537";"Z519";"N.D.";"TC";"TCA";"219";"GBR"
"T";4;"AMERICA";42;"AMERICA CENTRO MERIDIONALE";"994";"ISOLE VERGINI BRITANNICHE";"BRITISH VIRGIN ISLANDS";"539";"Z525";"N.D.";"VG";"VGB";"219";"GBR"
"T";5;"OCEANIA";50;"OCEANIA";"997";"WALLIS E FUTUNA";"WALLIS AND FUTUNA ISLANDS";"734";"Z729";"N.D.";"WF";"WLF";"215";"FRA"
